{
    "loss": 24.52322006225586,
    "accuracy": 0.4313725531101227
}